Reference Image,Closest Hash Distance,Confidence
C:\Users\JamesCody\Inverloch Marine\Inverloch Marine Management - Management\Website\Website Rebuild Considerations\New Website\Photos\Walk Around\646 Walk Around\646-walk-around-gallery-02.jpg,12,No Match
C:\Users\JamesCody\Inverloch Marine\Inverloch Marine Management - Management\Website\Website Rebuild Considerations\New Website\Photos\Walk Around\646 Walk Around\646-walk-around-gallery-04.jpg,16,No Match
C:\Users\JamesCody\Inverloch Marine\Inverloch Marine Management - Management\Website\Website Rebuild Considerations\New Website\Photos\Walk Around\646 Walk Around\646-walk-around-gallery-06.jpg,16,No Match
C:\Users\JamesCody\Inverloch Marine\Inverloch Marine Management - Management\Website\Website Rebuild Considerations\New Website\Photos\Walk Around\646 Walk Around\646-walk-around-gallery-08.jpg,16,No Match
C:\Users\JamesCody\Inverloch Marine\Inverloch Marine Management - Management\Website\Website Rebuild Considerations\New Website\Photos\Walk Around\646 Walk Around\646-walk-around-gallery-09.jpg,14,No Match
C:\Users\JamesCody\Inverloch Marine\Inverloch Marine Management - Management\Website\Website Rebuild Considerations\New Website\Photos\Walk Around\646 Walk Around\646-walk-around-hero.jpg,16,No Match
C:\Users\JamesCody\Inverloch Marine\Inverloch Marine Management - Management\Website\Website Rebuild Considerations\New Website\Photos\Walk Around\745 Walk Around\745-walk-around-hero.jpg,14,No Match
C:\Users\JamesCody\Inverloch Marine\Inverloch Marine Management - Management\Website\Website Rebuild Considerations\New Website\Photos\Walk Around\795 Walk Around\795-walk-around-gallery-06.jpg,12,No Match
C:\Users\JamesCody\Inverloch Marine\Inverloch Marine Management - Management\Website\Website Rebuild Considerations\New Website\Photos\Walk Around\795 Walk Around\795-walk-around-gallery-07.jpg,14,No Match
C:\Users\JamesCody\Inverloch Marine\Inverloch Marine Management - Management\Website\Website Rebuild Considerations\New Website\Photos\Walk Around\795 Walk Around\795-walk-around-gallery-09.jpg,16,No Match
C:\Users\JamesCody\Inverloch Marine\Inverloch Marine Management - Management\Website\Website Rebuild Considerations\New Website\Photos\Walk Around\795 Walk Around\795-walk-around-hero.jpg,18,No Match
C:\Users\JamesCody\Inverloch Marine\Inverloch Marine Management - Management\Website\Website Rebuild Considerations\New Website\Photos\Walk Around\915 Walk Around\915-walk-around-gallery-05.jpg,16,No Match
C:\Users\JamesCody\Inverloch Marine\Inverloch Marine Management - Management\Website\Website Rebuild Considerations\New Website\Photos\Sport Fisher\545 Sport Fisher\545-sport-fisher-gallery-02.jpg,14,No Match
C:\Users\JamesCody\Inverloch Marine\Inverloch Marine Management - Management\Website\Website Rebuild Considerations\New Website\Photos\Sport Fisher\545 Sport Fisher\545-sport-fisher-gallery-05.jpg,18,No Match
C:\Users\JamesCody\Inverloch Marine\Inverloch Marine Management - Management\Website\Website Rebuild Considerations\New Website\Photos\Sport Fisher\545 Sport Fisher\545-sport-fisher-gallery-06.jpg,16,No Match
C:\Users\JamesCody\Inverloch Marine\Inverloch Marine Management - Management\Website\Website Rebuild Considerations\New Website\Photos\Sport Fisher\545 Sport Fisher\545-sport-fisher-gallery-07.jpg,18,No Match
C:\Users\JamesCody\Inverloch Marine\Inverloch Marine Management - Management\Website\Website Rebuild Considerations\New Website\Photos\Sport Fisher\545 Sport Fisher\545-sport-fisher-hero.jpg,16,No Match
C:\Users\JamesCody\Inverloch Marine\Inverloch Marine Management - Management\Website\Website Rebuild Considerations\New Website\Photos\Sport Fisher\605 Sport Fisher\605-sport-fisher-card.jpg,16,No Match
C:\Users\JamesCody\Inverloch Marine\Inverloch Marine Management - Management\Website\Website Rebuild Considerations\New Website\Photos\Sport Fisher\605 Sport Fisher\605-sport-fisher-gallery-01.jpg,16,No Match
C:\Users\JamesCody\Inverloch Marine\Inverloch Marine Management - Management\Website\Website Rebuild Considerations\New Website\Photos\Sport Fisher\605 Sport Fisher\605-sport-fisher-gallery-02.jpg,18,No Match
C:\Users\JamesCody\Inverloch Marine\Inverloch Marine Management - Management\Website\Website Rebuild Considerations\New Website\Photos\Sport Fisher\605 Sport Fisher\605-sport-fisher-gallery-05.jpg,14,No Match
C:\Users\JamesCody\Inverloch Marine\Inverloch Marine Management - Management\Website\Website Rebuild Considerations\New Website\Photos\Sport Fisher\605 Sport Fisher\605-sport-fisher-gallery-06.jpg,16,No Match
C:\Users\JamesCody\Inverloch Marine\Inverloch Marine Management - Management\Website\Website Rebuild Considerations\New Website\Photos\Sport Fisher\605 Sport Fisher\605-sport-fisher-hero.jpg,14,No Match
C:\Users\JamesCody\Inverloch Marine\Inverloch Marine Management - Management\Website\Website Rebuild Considerations\New Website\Photos\Sport Fisher\645 Sport Fisher\645-sport-fisher-card.jpg,12,No Match
C:\Users\JamesCody\Inverloch Marine\Inverloch Marine Management - Management\Website\Website Rebuild Considerations\New Website\Photos\Sport Fisher\645 Sport Fisher\645-sport-fisher-gallery-01.jpg,16,No Match
C:\Users\JamesCody\Inverloch Marine\Inverloch Marine Management - Management\Website\Website Rebuild Considerations\New Website\Photos\Sport Fisher\645 Sport Fisher\645-sport-fisher-gallery-02.jpg,18,No Match
C:\Users\JamesCody\Inverloch Marine\Inverloch Marine Management - Management\Website\Website Rebuild Considerations\New Website\Photos\Sport Fisher\645 Sport Fisher\645-sport-fisher-gallery-03.jpg,16,No Match
C:\Users\JamesCody\Inverloch Marine\Inverloch Marine Management - Management\Website\Website Rebuild Considerations\New Website\Photos\Sport Fisher\645 Sport Fisher\645-sport-fisher-hero.jpg,14,No Match
C:\Users\JamesCody\Inverloch Marine\Inverloch Marine Management - Management\Website\Website Rebuild Considerations\New Website\Photos\Game King\560 Game King\560-game-king-card.jpg,16,No Match
C:\Users\JamesCody\Inverloch Marine\Inverloch Marine Management - Management\Website\Website Rebuild Considerations\New Website\Photos\Game King\560 Game King\560-game-king-gallery-04.jpg,14,No Match
C:\Users\JamesCody\Inverloch Marine\Inverloch Marine Management - Management\Website\Website Rebuild Considerations\New Website\Photos\Game King\560 Game King\560-game-king-gallery-05.jpg,14,No Match
C:\Users\JamesCody\Inverloch Marine\Inverloch Marine Management - Management\Website\Website Rebuild Considerations\New Website\Photos\Game King\560 Game King\560-game-king-gallery-06.jpg,12,No Match
C:\Users\JamesCody\Inverloch Marine\Inverloch Marine Management - Management\Website\Website Rebuild Considerations\New Website\Photos\Game King\560 Game King\560-game-king-hero.jpg,16,No Match
C:\Users\JamesCody\Inverloch Marine\Inverloch Marine Management - Management\Website\Website Rebuild Considerations\New Website\Photos\Game King\616 Game King\616-game-king-gallery-02.jpg,14,No Match
C:\Users\JamesCody\Inverloch Marine\Inverloch Marine Management - Management\Website\Website Rebuild Considerations\New Website\Photos\Game King\616 Game King\616-game-king-gallery-03.jpg,12,No Match
C:\Users\JamesCody\Inverloch Marine\Inverloch Marine Management - Management\Website\Website Rebuild Considerations\New Website\Photos\Game King\616 Game King\616-game-king-gallery-04.jpg,16,No Match
C:\Users\JamesCody\Inverloch Marine\Inverloch Marine Management - Management\Website\Website Rebuild Considerations\New Website\Photos\Game King\616 Game King\616-game-king-gallery-05.jpg,12,No Match
C:\Users\JamesCody\Inverloch Marine\Inverloch Marine Management - Management\Website\Website Rebuild Considerations\New Website\Photos\Game King\616 Game King\616-game-king-gallery-06.jpg,12,No Match
C:\Users\JamesCody\Inverloch Marine\Inverloch Marine Management - Management\Website\Website Rebuild Considerations\New Website\Photos\Game King\616 Game King\616-game-king-gallery-07.jpg,14,No Match
C:\Users\JamesCody\Inverloch Marine\Inverloch Marine Management - Management\Website\Website Rebuild Considerations\New Website\Photos\Game King\616 Game King\616-game-king-hero.jpg,14,No Match
C:\Users\JamesCody\Inverloch Marine\Inverloch Marine Management - Management\Website\Website Rebuild Considerations\New Website\Photos\Game King\646 Game King\646-game-king-gallery-02.jpg,12,No Match
C:\Users\JamesCody\Inverloch Marine\Inverloch Marine Management - Management\Website\Website Rebuild Considerations\New Website\Photos\Game King\646 Game King\646-game-king-gallery-04.jpg,16,No Match
C:\Users\JamesCody\Inverloch Marine\Inverloch Marine Management - Management\Website\Website Rebuild Considerations\New Website\Photos\Game King\646 Game King\646-game-king-gallery-05.jpg,12,No Match
C:\Users\JamesCody\Inverloch Marine\Inverloch Marine Management - Management\Website\Website Rebuild Considerations\New Website\Photos\Game King\646 Game King\646-game-king-gallery-06.jpg,14,No Match
C:\Users\JamesCody\Inverloch Marine\Inverloch Marine Management - Management\Website\Website Rebuild Considerations\New Website\Photos\Game King\646 Game King\646-game-king-gallery-07.jpg,16,No Match
C:\Users\JamesCody\Inverloch Marine\Inverloch Marine Management - Management\Website\Website Rebuild Considerations\New Website\Photos\Game King\696 Game King\696-game-king-card.jpg,16,No Match
C:\Users\JamesCody\Inverloch Marine\Inverloch Marine Management - Management\Website\Website Rebuild Considerations\New Website\Photos\Game King\696 Game King\696-game-king-gallery-01.jpg,16,No Match
C:\Users\JamesCody\Inverloch Marine\Inverloch Marine Management - Management\Website\Website Rebuild Considerations\New Website\Photos\Game King\696 Game King\696-game-king-gallery-02.jpg,16,No Match
C:\Users\JamesCody\Inverloch Marine\Inverloch Marine Management - Management\Website\Website Rebuild Considerations\New Website\Photos\Game King\696 Game King\696-game-king-gallery-03.jpg,16,No Match
C:\Users\JamesCody\Inverloch Marine\Inverloch Marine Management - Management\Website\Website Rebuild Considerations\New Website\Photos\Game King\696 Game King\696-game-king-gallery-04.jpg,18,No Match
C:\Users\JamesCody\Inverloch Marine\Inverloch Marine Management - Management\Website\Website Rebuild Considerations\New Website\Photos\Game King\696 Game King\696-game-king-gallery-05.jpg,12,No Match
C:\Users\JamesCody\Inverloch Marine\Inverloch Marine Management - Management\Website\Website Rebuild Considerations\New Website\Photos\Game King\696 Game King\696-game-king-gallery-06.jpg,16,No Match
C:\Users\JamesCody\Inverloch Marine\Inverloch Marine Management - Management\Website\Website Rebuild Considerations\New Website\Photos\Game King\696 Game King\696-game-king-gallery-07.jpg,18,No Match
C:\Users\JamesCody\Inverloch Marine\Inverloch Marine Management - Management\Website\Website Rebuild Considerations\New Website\Photos\Game King\696 Game King\696-game-king-gallery-08.jpg,14,No Match
C:\Users\JamesCody\Inverloch Marine\Inverloch Marine Management - Management\Website\Website Rebuild Considerations\New Website\Photos\Game King\696 Game King\696-game-king-hero.jpg,16,No Match
C:\Users\JamesCody\Inverloch Marine\Inverloch Marine Management - Management\Website\Website Rebuild Considerations\New Website\Photos\Game King\746 Game King\746-game-king-gallery-01.jpg,12,No Match
C:\Users\JamesCody\Inverloch Marine\Inverloch Marine Management - Management\Website\Website Rebuild Considerations\New Website\Photos\Game King\746 Game King\746-game-king-gallery-04.jpg,16,No Match
C:\Users\JamesCody\Inverloch Marine\Inverloch Marine Management - Management\Website\Website Rebuild Considerations\New Website\Photos\Game King\746 Game King\746-game-king-gallery-05.jpg,14,No Match
C:\Users\JamesCody\Inverloch Marine\Inverloch Marine Management - Management\Website\Website Rebuild Considerations\New Website\Photos\Game King\746 Game King\746-game-king-gallery-06.jpg,14,No Match
C:\Users\JamesCody\Inverloch Marine\Inverloch Marine Management - Management\Website\Website Rebuild Considerations\New Website\Photos\Game King\746 Game King\746-game-king-gallery-07.jpg,12,No Match
C:\Users\JamesCody\Inverloch Marine\Inverloch Marine Management - Management\Website\Website Rebuild Considerations\New Website\Photos\Game King\746 Game King\746-game-king-gallery-08.jpg,16,No Match
C:\Users\JamesCody\Inverloch Marine\Inverloch Marine Management - Management\Website\Website Rebuild Considerations\New Website\Photos\Game King\746 Game King\746-game-king-hero.jpg,16,No Match
C:\Users\JamesCody\Inverloch Marine\Inverloch Marine Management - Management\Website\Website Rebuild Considerations\New Website\Photos\Game King\795 Game King\795-game-king-gallery-01.jpg,14,No Match
C:\Users\JamesCody\Inverloch Marine\Inverloch Marine Management - Management\Website\Website Rebuild Considerations\New Website\Photos\Game King\795 Game King\795-game-king-gallery-03.jpg,14,No Match
C:\Users\JamesCody\Inverloch Marine\Inverloch Marine Management - Management\Website\Website Rebuild Considerations\New Website\Photos\Game King\795 Game King\795-game-king-gallery-04.jpg,16,No Match
C:\Users\JamesCody\Inverloch Marine\Inverloch Marine Management - Management\Website\Website Rebuild Considerations\New Website\Photos\Game King\795 Game King\795-game-king-gallery-06.jpg,14,No Match
C:\Users\JamesCody\Inverloch Marine\Inverloch Marine Management - Management\Website\Website Rebuild Considerations\New Website\Photos\Game King\795 Game King\795-game-king-hero.jpg,16,No Match
C:\Users\JamesCody\Inverloch Marine\Inverloch Marine Management - Management\Website\Website Rebuild Considerations\New Website\Photos\Game King\886 Game King\886-game-king-gallery-01.jpg,16,No Match
C:\Users\JamesCody\Inverloch Marine\Inverloch Marine Management - Management\Website\Website Rebuild Considerations\New Website\Photos\Game King\886 Game King\886-game-king-gallery-02.jpg,14,No Match
C:\Users\JamesCody\Inverloch Marine\Inverloch Marine Management - Management\Website\Website Rebuild Considerations\New Website\Photos\Game King\886 Game King\886-game-king-gallery-04.jpg,16,No Match
C:\Users\JamesCody\Inverloch Marine\Inverloch Marine Management - Management\Website\Website Rebuild Considerations\New Website\Photos\Game King\886 Game King\886-game-king-gallery-05.jpg,14,No Match
C:\Users\JamesCody\Inverloch Marine\Inverloch Marine Management - Management\Website\Website Rebuild Considerations\New Website\Photos\Game King\886 Game King\886-game-king-gallery-06.jpg,14,No Match
C:\Users\JamesCody\Inverloch Marine\Inverloch Marine Management - Management\Website\Website Rebuild Considerations\New Website\Photos\Game King\886 Game King\886-game-king-gallery-07.jpg,18,No Match
C:\Users\JamesCody\Inverloch Marine\Inverloch Marine Management - Management\Website\Website Rebuild Considerations\New Website\Photos\Game King\886 Game King\886-game-king-gallery-08.jpg,16,No Match
C:\Users\JamesCody\Inverloch Marine\Inverloch Marine Management - Management\Website\Website Rebuild Considerations\New Website\Photos\Game King\886 Game King\886-game-king-hero.jpg,14,No Match
C:\Users\JamesCody\Inverloch Marine\Inverloch Marine Management - Management\Website\Website Rebuild Considerations\New Website\Photos\Game King\915 Game King\915-game-king-card.jpg,16,No Match
C:\Users\JamesCody\Inverloch Marine\Inverloch Marine Management - Management\Website\Website Rebuild Considerations\New Website\Photos\Game King\915 Game King\915-game-king-gallery-04.jpg,12,No Match
C:\Users\JamesCody\Inverloch Marine\Inverloch Marine Management - Management\Website\Website Rebuild Considerations\New Website\Photos\Game King\915 Game King\915-game-king-gallery-08.jpg,16,No Match
C:\Users\JamesCody\Inverloch Marine\Inverloch Marine Management - Management\Website\Website Rebuild Considerations\New Website\Photos\Game King\915 Game King\915-game-king-hero.jpg,12,No Match
C:\Users\JamesCody\Inverloch Marine\Inverloch Marine Management - Management\Website\Website Rebuild Considerations\New Website\Photos\Game King\986 Game King\986-game-king-card.jpg,18,No Match
C:\Users\JamesCody\Inverloch Marine\Inverloch Marine Management - Management\Website\Website Rebuild Considerations\New Website\Photos\Game King\986 Game King\986-game-king-gallery-03.jpg,14,No Match
C:\Users\JamesCody\Inverloch Marine\Inverloch Marine Management - Management\Website\Website Rebuild Considerations\New Website\Photos\Game King\986 Game King\986-game-king-gallery-04.jpg,12,No Match
C:\Users\JamesCody\Inverloch Marine\Inverloch Marine Management - Management\Website\Website Rebuild Considerations\New Website\Photos\Game King\986 Game King\986-game-king-gallery-06.jpg,16,No Match
C:\Users\JamesCody\Inverloch Marine\Inverloch Marine Management - Management\Website\Website Rebuild Considerations\New Website\Photos\Game King\986 Game King\986-game-king-gallery-07.jpg,12,No Match
C:\Users\JamesCody\Inverloch Marine\Inverloch Marine Management - Management\Website\Website Rebuild Considerations\New Website\Photos\Game King\986 Game King\986-game-king-hero.jpg,16,No Match
C:\Users\JamesCody\Inverloch Marine\Inverloch Marine Management - Management\Website\Website Rebuild Considerations\New Website\Photos\Enduro\1770 Enduro\1770-enduro-card.jpg,16,No Match
C:\Users\JamesCody\Inverloch Marine\Inverloch Marine Management - Management\Website\Website Rebuild Considerations\New Website\Photos\Enduro\1770 Enduro\1770-enduro-hero.jpg,18,No Match
C:\Users\JamesCody\Inverloch Marine\Inverloch Marine Management - Management\Website\Website Rebuild Considerations\New Website\Photos\Console\545 Centre Console\545-centre-console-card.jpg,16,No Match
C:\Users\JamesCody\Inverloch Marine\Inverloch Marine Management - Management\Website\Website Rebuild Considerations\New Website\Photos\Console\545 Centre Console\545-centre-console-gallery-01.jpg,12,No Match
C:\Users\JamesCody\Inverloch Marine\Inverloch Marine Management - Management\Website\Website Rebuild Considerations\New Website\Photos\Console\545 Centre Console\545-centre-console-gallery-02.jpg,16,No Match
C:\Users\JamesCody\Inverloch Marine\Inverloch Marine Management - Management\Website\Website Rebuild Considerations\New Website\Photos\Console\545 Centre Console\545-centre-console-gallery-04.jpg,16,No Match
C:\Users\JamesCody\Inverloch Marine\Inverloch Marine Management - Management\Website\Website Rebuild Considerations\New Website\Photos\Console\545 Centre Console\545-centre-console-gallery-05.jpg,14,No Match
C:\Users\JamesCody\Inverloch Marine\Inverloch Marine Management - Management\Website\Website Rebuild Considerations\New Website\Photos\Console\545 Centre Console\545-centre-console-gallery-06.jpg,14,No Match
C:\Users\JamesCody\Inverloch Marine\Inverloch Marine Management - Management\Website\Website Rebuild Considerations\New Website\Photos\Console\545 Centre Console\545-centre-console-gallery-07.jpg,16,No Match
C:\Users\JamesCody\Inverloch Marine\Inverloch Marine Management - Management\Website\Website Rebuild Considerations\New Website\Photos\Console\545 Centre Console\545-centre-console-hero.jpg,12,No Match
C:\Users\JamesCody\Inverloch Marine\Inverloch Marine Management - Management\Website\Website Rebuild Considerations\New Website\Photos\Console\545 Side Console\545-side-console-card.jpg,16,No Match
C:\Users\JamesCody\Inverloch Marine\Inverloch Marine Management - Management\Website\Website Rebuild Considerations\New Website\Photos\Console\545 Side Console\545-side-console-gallery-01.jpg,12,No Match
C:\Users\JamesCody\Inverloch Marine\Inverloch Marine Management - Management\Website\Website Rebuild Considerations\New Website\Photos\Console\545 Side Console\545-side-console-gallery-02.jpg,18,No Match
C:\Users\JamesCody\Inverloch Marine\Inverloch Marine Management - Management\Website\Website Rebuild Considerations\New Website\Photos\Console\545 Side Console\545-side-console-gallery-03.jpg,16,No Match
C:\Users\JamesCody\Inverloch Marine\Inverloch Marine Management - Management\Website\Website Rebuild Considerations\New Website\Photos\Console\545 Side Console\545-side-console-gallery-04.jpg,14,No Match
C:\Users\JamesCody\Inverloch Marine\Inverloch Marine Management - Management\Website\Website Rebuild Considerations\New Website\Photos\Console\545 Side Console\545-side-console-gallery-05.jpg,18,No Match
C:\Users\JamesCody\Inverloch Marine\Inverloch Marine Management - Management\Website\Website Rebuild Considerations\New Website\Photos\Console\545 Side Console\545-side-console-gallery-06.jpg,18,No Match
C:\Users\JamesCody\Inverloch Marine\Inverloch Marine Management - Management\Website\Website Rebuild Considerations\New Website\Photos\Console\545 Side Console\545-side-console-gallery-07.jpg,18,No Match
C:\Users\JamesCody\Inverloch Marine\Inverloch Marine Management - Management\Website\Website Rebuild Considerations\New Website\Photos\Console\545 Side Console\545-side-console-gallery-08.jpg,16,No Match
C:\Users\JamesCody\Inverloch Marine\Inverloch Marine Management - Management\Website\Website Rebuild Considerations\New Website\Photos\Console\545 Side Console\545-side-console-hero.jpg,14,No Match
C:\Users\JamesCody\Inverloch Marine\Inverloch Marine Management - Management\Website\Website Rebuild Considerations\New Website\Photos\Console\605 Centre Console\605-centre-console-card.jpg,16,No Match
C:\Users\JamesCody\Inverloch Marine\Inverloch Marine Management - Management\Website\Website Rebuild Considerations\New Website\Photos\Console\605 Centre Console\605-centre-console-gallery-01.jpg,16,No Match
C:\Users\JamesCody\Inverloch Marine\Inverloch Marine Management - Management\Website\Website Rebuild Considerations\New Website\Photos\Console\605 Centre Console\605-centre-console-gallery-02.jpg,16,No Match
C:\Users\JamesCody\Inverloch Marine\Inverloch Marine Management - Management\Website\Website Rebuild Considerations\New Website\Photos\Console\605 Centre Console\605-centre-console-gallery-03.jpg,14,No Match
C:\Users\JamesCody\Inverloch Marine\Inverloch Marine Management - Management\Website\Website Rebuild Considerations\New Website\Photos\Console\605 Centre Console\605-centre-console-gallery-04.jpg,18,No Match
C:\Users\JamesCody\Inverloch Marine\Inverloch Marine Management - Management\Website\Website Rebuild Considerations\New Website\Photos\Console\605 Centre Console\605-centre-console-gallery-05.jpg,16,No Match
C:\Users\JamesCody\Inverloch Marine\Inverloch Marine Management - Management\Website\Website Rebuild Considerations\New Website\Photos\Console\605 Centre Console\605-centre-console-gallery-06.jpg,18,No Match
C:\Users\JamesCody\Inverloch Marine\Inverloch Marine Management - Management\Website\Website Rebuild Considerations\New Website\Photos\Console\605 Centre Console\605-centre-console-gallery-07.jpg,16,No Match
C:\Users\JamesCody\Inverloch Marine\Inverloch Marine Management - Management\Website\Website Rebuild Considerations\New Website\Photos\Console\605 Centre Console\605-centre-console-gallery-08.jpg,14,No Match
C:\Users\JamesCody\Inverloch Marine\Inverloch Marine Management - Management\Website\Website Rebuild Considerations\New Website\Photos\Console\605 Centre Console\605-centre-console-hero.jpg,14,No Match
C:\Users\JamesCody\Inverloch Marine\Inverloch Marine Management - Management\Website\Website Rebuild Considerations\New Website\Photos\Console\645 Centre Console\645-centre-console-card.jpg,12,No Match
C:\Users\JamesCody\Inverloch Marine\Inverloch Marine Management - Management\Website\Website Rebuild Considerations\New Website\Photos\Console\645 Centre Console\645-centre-console-gallery-03.jpg,16,No Match
C:\Users\JamesCody\Inverloch Marine\Inverloch Marine Management - Management\Website\Website Rebuild Considerations\New Website\Photos\Console\645 Centre Console\645-centre-console-gallery-04.jpg,14,No Match
C:\Users\JamesCody\Inverloch Marine\Inverloch Marine Management - Management\Website\Website Rebuild Considerations\New Website\Photos\Console\645 Centre Console\645-centre-console-gallery-05.jpg,18,No Match
C:\Users\JamesCody\Inverloch Marine\Inverloch Marine Management - Management\Website\Website Rebuild Considerations\New Website\Photos\Console\645 Centre Console\645-centre-console-gallery-06.jpg,16,No Match
C:\Users\JamesCody\Inverloch Marine\Inverloch Marine Management - Management\Website\Website Rebuild Considerations\New Website\Photos\Console\645 Centre Console\645-centre-console-hero.jpg,16,No Match
C:\Users\JamesCody\Inverloch Marine\Inverloch Marine Management - Management\Website\Website Rebuild Considerations\New Website\Photos\Console\745 Centre Console\745-centre-console-card.jpg,12,No Match
C:\Users\JamesCody\Inverloch Marine\Inverloch Marine Management - Management\Website\Website Rebuild Considerations\New Website\Photos\Console\745 Centre Console\745-centre-console-gallery-01.jpg,12,No Match
C:\Users\JamesCody\Inverloch Marine\Inverloch Marine Management - Management\Website\Website Rebuild Considerations\New Website\Photos\Console\745 Centre Console\745-centre-console-gallery-03.jpg,14,No Match
C:\Users\JamesCody\Inverloch Marine\Inverloch Marine Management - Management\Website\Website Rebuild Considerations\New Website\Photos\Console\745 Centre Console\745-centre-console-gallery-05.jpg,18,No Match
C:\Users\JamesCody\Inverloch Marine\Inverloch Marine Management - Management\Website\Website Rebuild Considerations\New Website\Photos\Console\745 Centre Console\745-centre-console-gallery-06.jpg,12,No Match
C:\Users\JamesCody\Inverloch Marine\Inverloch Marine Management - Management\Website\Website Rebuild Considerations\New Website\Photos\Console\745 Centre Console\745-centre-console-hero.jpg,14,No Match
